childreninhh,handsetrefurbished,handsetwebcapable,truckowner,rvowner,homeownership,buysviamailorder,respondstomailoffers,optoutmailings,nonustravel,ownscomputer,hascreditcard,newcellphoneuser,notnewcellphoneuser,ownsmotorcycle,madecalltoretentionteam,creditrating,prizmcode,occupation,maritalstatus,service_city,monthlyrevenue,monthlyminutes,totalrecurringcharge,directorassistedcalls,overageminutes,roamingcalls,percchangeminutes,percchangerevenues,droppedcalls,blockedcalls,unansweredcalls,customercarecalls,threewaycalls,receivedcalls,outboundcalls,inboundcalls,peakcallsinout,offpeakcallsinout,droppedblockedcalls,callforwardingcalls,callwaitingcalls,monthsinservice,uniquesubs,activesubs,handsets,handsetmodels,currentequipmentdays,agehh1,retentioncalls,retentionoffersaccepted,referralsmadebysubscriber,adjustmentstocreditrating,revenue_per_minute,total_calls,avg_call_duration,service_tenure,customer_support_interaction,handsetprice,incomegroup,customerid,churn,prediction
yes,no,yes,yes,yes,known,yes,yes,no,no,no,yes,no,no,no,no,2-high,other,homemaker,yes,hou,14.31,350.0,10.0,0.0,1.0,0.0,-150.0,-0.3,0.0,0.0,1.7,0.0,0.0,21.4,2.0,0.0,10.7,12.0,0.0,0.0,0.0,16.0,3.0,3.0,1.0,1.0,485.0,52.0,0.0,0.0,0.0,0.0,0.0407692307692307,2.0,116.66666666666669,16.0,0.0,0.0,7.0,3243582.0,1.0,0.18768063
no,no,yes,no,no,unknown,no,no,no,no,no,no,no,yes,no,no,3-good,suburban,other,unknown,hou,51.28,804.0,60.0,0.74,22.0,0.0,-182.0,-0.3,7.0,5.7,17.3,0.7,0.3,177.6,91.0,9.3,124.3,108.7,12.7,0.0,4.7,33.0,1.0,1.0,3.0,3.0,391.0,0.0,0.0,0.0,0.0,0.0,0.0637018633540372,101.0,7.882352941176471,33.0,0.7,10.0,0.0,3026654.0,1.0,0.19729024
no,no,yes,no,no,known,no,no,no,no,no,no,yes,no,no,no,3-good,other,other,unknown,hou,10.25,26.0,10.0,0.0,1.0,0.0,-8.0,0.8,0.7,0.7,4.3,0.0,0.0,2.3,2.7,2.3,8.3,5.3,1.3,0.0,0.0,25.0,3.0,3.0,3.0,2.0,484.0,0.0,0.0,0.0,0.0,0.0,0.3796296296296296,5.0,4.333333333333333,25.0,0.0,60.0,5.0,3123622.0,0.0,0.40267268
no,no,yes,yes,yes,known,yes,yes,no,no,yes,yes,no,no,no,no,2-high,other,other,unknown,hou,40.48,409.0,45.0,0.0,0.0,6.6,23.0,-5.5,0.7,2.3,13.0,0.0,0.0,59.3,3.0,4.7,59.3,34.7,3.0,0.0,0.7,21.0,1.0,1.0,1.0,1.0,640.0,44.0,0.0,0.0,0.0,0.0,0.0987317073170731,7.7,47.01149425287357,21.0,0.0,0.0,9.0,3114734.0,0.0,0.13041997
no,no,yes,no,no,unknown,no,no,no,no,no,no,no,no,no,no,3-good,other,other,unknown,hou,30.98,324.0,43.0,0.0,9.0,0.0,0.0,-38.4,3.7,2.7,20.0,2.0,0.0,111.3,18.0,10.3,55.3,44.0,6.3,0.0,0.3,13.0,1.0,1.0,1.0,1.0,389.0,0.0,0.0,0.0,1.0,0.0,0.0953230769230769,30.3,10.351437699680512,13.0,2.0,0.0,0.0,3266698.0,0.0,0.28020883
no,no,yes,no,no,known,no,no,no,no,no,yes,no,yes,no,no,3-good,suburban,other,unknown,hou,10.0,145.0,10.0,0.0,0.0,0.0,-11.0,0.0,0.0,2.0,2.7,0.0,0.0,31.8,12.7,12.3,24.3,8.7,2.0,0.0,0.0,34.0,2.0,2.0,3.0,2.0,200.0,46.0,0.0,0.0,0.0,0.0,0.0684931506849315,25.0,5.576923076923077,34.0,0.0,10.0,6.0,3043134.0,0.0,0.17998087
yes,no,yes,yes,no,known,yes,yes,no,no,no,yes,no,no,no,no,2-high,other,professional,yes,hou,52.7,858.0,50.0,0.74,7.0,0.0,172.0,-5.4,5.3,8.7,74.7,1.3,0.0,207.2,83.7,28.0,143.3,137.3,14.0,0.0,3.7,13.0,2.0,2.0,3.0,2.0,212.0,46.0,0.0,0.0,2.0,0.0,0.0613504074505238,113.0,7.526315789473684,13.0,1.3,130.0,7.0,3194578.0,1.0,0.27031255
yes,no,yes,yes,no,known,yes,yes,no,no,no,yes,no,no,no,no,1-highest,other,professional,yes,hou,47.65,937.0,45.0,0.5,34.0,0.0,396.0,40.5,19.3,18.7,58.7,6.0,1.0,327.6,82.7,39.7,86.0,273.7,38.0,0.0,10.7,8.0,3.0,2.0,2.0,2.0,47.0,40.0,0.0,0.0,0.0,0.0,0.0507995735607675,128.4,7.241112828438949,8.0,6.0,150.0,6.0,3349970.0,0.0,0.21363258
no,no,yes,no,no,unknown,no,no,no,no,no,no,no,no,no,no,7-lowest,suburban,other,unknown,hou,109.8,450.0,39.0,0.0,138.0,0.0,-335.0,80.8,2.7,4.0,9.0,0.0,0.0,52.4,39.0,10.0,56.7,44.0,6.7,0.0,1.3,12.0,2.0,1.0,1.0,1.0,352.0,0.0,0.0,0.0,0.0,0.0,0.2434589800443458,49.0,9.0,12.0,0.0,0.0,0.0,3218922.0,0.0,0.6496289
yes,no,yes,no,no,known,no,no,no,no,no,yes,yes,no,no,no,1-highest,town,other,yes,hou,90.09,1215.0,85.0,0.0,4.0,0.5,74.0,-1.9,3.7,15.3,33.0,0.0,0.0,386.6,27.7,13.3,227.7,96.0,19.0,0.0,11.7,37.0,2.0,2.0,3.0,3.0,93.0,40.0,0.0,0.0,0.0,0.0,0.0740871710526315,41.0,28.928571428571427,37.0,0.0,60.0,9.0,3026750.0,0.0,0.14378974
no,no,yes,no,no,unknown,no,no,no,no,no,no,no,yes,no,no,6-verylow,other,other,unknown,hou,113.62,870.0,56.0,2.23,146.0,1.0,-814.0,-113.6,1.0,8.3,44.7,4.0,0.0,204.6,49.3,1.3,294.3,51.0,9.3,0.0,0.7,7.0,1.0,1.0,2.0,1.0,188.0,0.0,0.0,0.0,0.0,0.0,0.1304477611940298,54.6,15.64748201438849,7.0,4.0,150.0,0.0,3387562.0,1.0,0.36044565
no,yes,yes,yes,yes,known,no,no,no,no,no,yes,no,yes,no,no,2-high,suburban,other,yes,hou,81.31,960.0,92.0,0.0,0.0,0.5,410.0,3.7,6.0,1.0,18.0,2.3,0.0,451.7,43.7,17.7,189.0,68.7,7.0,0.0,0.0,22.0,2.0,2.0,3.0,3.0,365.0,40.0,0.0,0.0,0.0,0.0,0.0846097814776274,63.7,14.837712519319938,22.0,2.3,30.0,7.0,3098094.0,0.0,0.16756018
no,no,yes,no,no,known,no,no,no,no,no,yes,no,no,no,no,6-verylow,other,other,unknown,hou,154.7,2132.0,85.0,1.73,144.0,48.0,-410.0,49.4,6.3,23.7,241.7,8.0,2.3,498.7,118.7,31.0,438.3,439.7,30.0,0.0,22.7,32.0,1.0,1.0,6.0,4.0,279.0,28.0,0.0,0.0,0.0,0.0,0.0725269573370839,157.7,13.434152488972906,32.0,8.0,30.0,8.0,3032162.0,0.0,0.09069946
no,no,yes,no,no,known,no,no,no,no,no,yes,no,no,no,no,3-good,suburban,other,unknown,hou,30.69,143.0,30.0,0.25,0.0,0.0,14.0,1.1,2.3,2.3,20.3,3.7,0.0,30.7,7.3,1.0,41.7,25.3,4.7,0.0,0.3,11.0,1.0,1.0,1.0,1.0,310.0,28.0,0.0,0.0,0.0,0.0,0.213125,12.0,11.0,11.0,3.7,0.0,4.0,3330570.0,1.0,0.35060638
no,no,yes,no,no,unknown,no,no,no,no,no,no,no,no,no,no,7-lowest,other,other,unknown,hou,50.6,594.0,53.0,1.24,0.0,1.2,340.0,10.7,3.3,1.3,37.3,1.7,0.0,94.0,24.3,5.0,70.0,91.7,4.7,0.0,0.0,10.0,1.0,1.0,1.0,1.0,292.0,0.0,0.0,0.0,0.0,0.0,0.0850420168067226,31.0,18.5625,10.0,1.7,0.0,0.0,3260050.0,0.0,0.14366618
yes,yes,yes,no,no,known,no,no,no,yes,no,yes,no,no,no,no,5-low,town,professional,yes,hou,89.04,1911.0,88.0,1.73,38.0,4.5,-322.0,-13.1,44.7,6.7,46.0,3.0,0.0,196.1,69.3,9.7,172.0,156.3,51.3,0.0,1.3,13.0,1.0,1.0,4.0,4.0,48.0,42.0,0.0,0.0,0.0,0.0,0.0465690376569037,82.0,23.02409638554217,13.0,3.0,100.0,5.0,3241950.0,0.0,0.2738944
yes,no,no,yes,no,known,yes,yes,no,no,yes,yes,no,no,no,no,4-medium,suburban,professional,yes,hou,50.49,370.0,50.0,0.5,0.0,0.0,-357.0,-0.5,2.7,7.7,22.0,0.7,0.0,65.2,10.3,5.3,119.3,56.0,10.3,0.0,0.7,33.0,1.0,1.0,1.0,1.0,978.0,48.0,0.0,0.0,0.0,0.0,0.1360916442048517,16.3,21.38728323699421,33.0,0.7,0.0,9.0,3048878.0,1.0,0.48445457
no,no,yes,no,no,unknown,no,no,no,no,no,no,no,no,no,no,5-low,town,other,unknown,hou,38.38,120.0,30.0,0.25,0.0,0.1,64.0,-7.4,0.7,2.7,16.3,0.0,0.0,6.2,4.3,0.3,33.7,22.0,3.3,0.0,0.0,16.0,1.0,1.0,2.0,2.0,50.0,0.0,0.0,0.0,0.0,0.0,0.3171900826446281,4.6,21.42857142857143,16.0,0.0,30.0,0.0,3164250.0,0.0,0.12756856
yes,no,yes,no,no,known,yes,yes,no,no,yes,yes,no,no,no,no,5-low,other,professional,yes,hou,68.39,509.0,45.0,0.0,74.0,0.0,-97.0,-0.2,0.3,0.7,4.3,0.0,0.0,131.9,34.7,2.7,53.0,53.0,1.0,0.0,0.7,10.0,1.0,1.0,1.0,1.0,290.0,52.0,0.0,0.0,0.0,0.0,0.1340980392156862,37.400000000000006,13.255208333333332,10.0,0.0,0.0,7.0,3372522.0,0.0,0.09447947
no,no,yes,no,no,known,yes,yes,no,no,no,yes,yes,no,no,no,3-good,other,other,unknown,hou,32.8,0.0,33.0,0.0,0.0,0.0,0.0,-20.0,0.0,0.0,0.0,0.0,0.0,0.0,0.0,0.0,0.0,0.0,0.0,0.0,0.0,35.0,4.0,1.0,3.0,3.0,618.0,54.0,0.0,0.0,0.0,0.0,32.8,0.0,0.0,35.0,0.0,150.0,9.0,3030078.0,1.0,0.67777896
no,no,yes,no,no,known,yes,yes,no,yes,no,yes,no,no,no,no,1-highest,other,other,no,hou,56.02,646.0,42.0,0.0,5.0,11.5,22.0,-16.0,0.0,0.0,0.0,0.0,0.0,0.0,0.0,0.0,0.0,0.0,0.0,0.0,0.0,29.0,1.0,1.0,3.0,2.0,350.0,42.0,0.0,0.0,0.0,0.0,0.0865842349304482,0.0,646.0,29.0,0.0,30.0,8.0,3059726.0,0.0,0.15372257
no,no,yes,yes,yes,known,yes,yes,no,no,no,yes,no,no,no,no,2-high,suburban,professional,yes,hou,50.42,383.0,30.0,1.49,39.0,10.4,173.0,32.2,0.7,1.3,14.0,0.0,0.0,84.4,7.7,0.7,74.7,50.7,2.0,0.0,0.3,20.0,1.0,1.0,2.0,2.0,257.0,48.0,0.0,0.0,1.0,0.0,0.1313020833333333,8.4,40.74468085106383,20.0,0.0,30.0,7.0,3103650.0,0.0,0.30715647
no,no,yes,no,no,unknown,no,no,no,no,no,no,no,no,no,no,7-lowest,other,other,unknown,hou,30.16,425.0,30.0,0.0,0.0,0.0,-124.0,-0.2,0.0,0.0,0.0,0.0,0.0,0.0,0.0,0.0,0.0,0.0,0.0,0.0,0.0,15.0,1.0,1.0,1.0,1.0,431.0,0.0,0.0,0.0,0.0,0.0,0.0707981220657277,0.0,425.0,15.0,0.0,0.0,0.0,3277202.0,1.0,0.23681651
no,no,no,no,no,known,no,no,no,no,no,yes,yes,no,no,no,4-medium,other,other,no,hou,48.4,366.0,32.0,0.99,68.0,0.0,55.0,2.5,0.7,1.7,15.0,0.0,0.0,74.2,19.3,11.7,88.7,59.0,2.3,0.0,0.3,20.0,2.0,2.0,1.0,1.0,608.0,48.0,0.0,0.0,0.0,0.0,0.1318801089918256,31.0,11.4375,20.0,0.0,0.0,5.0,3138942.0,0.0,0.24201939
no,no,yes,no,no,unknown,no,no,no,no,no,no,no,no,no,no,5-low,suburban,other,unknown,hou,51.78,268.0,60.0,0.0,0.0,0.0,-140.0,-1.8,4.3,1.0,8.0,0.0,0.0,10.1,1.3,0.0,33.0,11.7,5.3,0.0,0.0,10.0,1.0,1.0,1.0,1.0,308.0,0.0,0.0,0.0,0.0,0.0,0.1924907063197026,1.3,116.5217391304348,10.0,0.0,0.0,0.0,3248498.0,1.0,0.345714
no,no,yes,no,no,known,yes,yes,yes,no,yes,yes,no,no,no,no,2-high,other,other,yes,hou,13.31,58.0,10.0,0.5,0.0,2.8,-2.0,-3.3,0.0,1.0,3.7,0.7,0.0,2.5,0.7,0.0,12.7,6.0,1.0,0.0,0.0,24.0,2.0,2.0,1.0,1.0,724.0,64.0,0.0,0.0,0.0,0.0,0.225593220338983,1.4,24.166666666666668,24.0,0.7,0.0,9.0,3135394.0,0.0,0.14249471
yes,yes,yes,yes,yes,known,yes,yes,no,no,no,yes,no,yes,no,no,1-highest,suburban,professional,yes,hou,110.36,707.0,105.0,2.72,97.0,0.0,291.0,52.9,4.0,3.7,44.7,0.0,0.0,171.6,39.3,0.7,222.0,30.7,7.7,0.0,4.7,24.0,3.0,2.0,3.0,3.0,239.0,54.0,0.0,0.0,1.0,1.0,0.1558757062146892,40.0,17.24390243902439,24.0,0.0,150.0,9.0,3062382.0,0.0,0.2863881
yes,no,no,yes,yes,known,no,no,no,no,no,yes,no,no,no,no,6-verylow,other,other,yes,hou,54.5,685.0,61.0,0.5,0.0,1.6,-77.0,0.9,0.7,2.7,44.3,1.3,0.0,228.7,41.7,70.0,171.7,117.3,3.3,0.0,1.0,25.0,2.0,2.0,1.0,1.0,756.0,36.0,0.0,0.0,0.0,0.0,0.0794460641399417,113.0,6.008771929824562,25.0,1.3,0.0,4.0,3074046.0,0.0,0.22540778
no,no,yes,no,no,unknown,no,no,no,no,no,no,no,yes,no,no,1-highest,other,other,unknown,hou,28.16,119.0,25.0,0.25,4.0,0.0,266.0,17.5,0.0,0.7,10.0,0.0,0.0,11.2,5.3,2.0,28.7,16.0,0.7,0.0,0.0,35.0,1.0,1.0,2.0,2.0,31.0,0.0,0.0,0.0,0.0,0.0,0.2346666666666666,7.3,14.33734939759036,35.0,0.0,30.0,0.0,3025394.0,0.0,0.12342458
no,no,yes,yes,no,known,yes,yes,no,no,yes,yes,no,no,no,no,1-highest,suburban,other,no,hou,29.3,199.0,30.0,0.0,0.0,0.0,123.0,0.7,0.0,0.0,9.3,0.7,0.0,87.2,7.7,5.3,23.7,15.3,0.0,0.0,0.0,26.0,3.0,3.0,1.0,1.0,799.0,44.0,0.0,0.0,0.0,0.0,0.1465,13.7,13.537414965986397,26.0,0.7,0.0,3.0,3050842.0,1.0,0.1763367
no,no,yes,yes,yes,known,no,no,no,no,no,yes,no,yes,no,no,2-high,town,other,yes,hou,29.54,448.0,10.0,1.24,46.0,0.0,-146.0,-18.5,2.0,0.3,18.3,0.0,0.0,48.9,50.7,12.0,92.7,58.3,2.3,0.0,0.0,28.0,2.0,2.0,1.0,1.0,829.0,28.0,0.0,0.0,0.0,0.0,0.0657906458797327,62.7,7.032967032967033,28.0,0.0,0.0,5.0,3086326.0,0.0,0.33486897
no,no,yes,no,no,known,no,no,no,no,no,yes,no,no,no,no,1-highest,other,other,unknown,hou,48.37,246.0,60.0,0.0,0.0,0.0,116.0,1.6,5.3,0.3,6.3,0.0,0.0,60.2,19.3,15.0,50.0,22.7,5.7,0.0,0.0,16.0,3.0,2.0,2.0,2.0,380.0,36.0,0.0,0.0,0.0,0.0,0.19582995951417,34.3,6.968838526912182,16.0,0.0,10.0,1.0,3180326.0,0.0,0.2767042
no,no,yes,no,no,known,yes,yes,no,no,no,yes,no,no,no,no,5-low,suburban,other,yes,hou,40.86,218.0,39.0,0.25,40.0,0.0,-218.0,-40.9,1.0,0.3,6.7,1.0,0.0,23.4,6.7,0.7,24.3,25.7,1.3,0.0,1.0,8.0,1.0,1.0,1.0,1.0,236.0,54.0,0.0,0.0,0.0,0.0,0.1865753424657534,8.4,23.19148936170213,8.0,1.0,0.0,5.0,3370066.0,0.0,0.10768785
no,no,yes,no,no,unknown,no,no,no,no,no,no,no,no,no,no,3-good,other,other,unknown,hou,38.32,540.0,43.0,0.25,22.0,0.1,-98.0,-9.7,2.0,10.0,50.3,0.0,0.0,96.6,62.7,42.7,159.7,80.0,12.0,0.0,2.3,17.0,2.0,2.0,2.0,2.0,341.0,0.0,0.0,0.0,0.0,0.0,0.0708317929759704,105.4,5.075187969924812,17.0,0.0,30.0,0.0,3153502.0,0.0,0.31952912
no,no,yes,yes,no,known,no,no,no,no,no,yes,no,no,no,no,2-high,other,other,unknown,hou,35.01,29.0,50.0,0.0,0.0,0.0,13.0,2.0,0.0,0.0,5.3,0.0,0.0,3.9,4.7,1.0,9.7,6.0,0.0,0.0,0.0,6.0,1.0,1.0,1.0,1.0,193.0,42.0,0.0,0.0,0.0,0.0,1.167,5.7,4.328358208955224,6.0,0.0,0.0,5.0,3340978.0,0.0,0.084599264
no,no,yes,no,no,unknown,no,no,no,no,no,no,no,no,no,no,4-medium,other,other,unknown,hou,54.73,386.0,70.0,0.74,0.0,0.0,-84.0,-0.7,8.0,1.3,71.3,6.0,0.0,52.1,46.0,8.3,91.7,105.0,9.3,0.0,0.0,10.0,1.0,1.0,1.0,1.0,277.0,0.0,0.0,0.0,0.0,0.0,0.1414211886304909,60.3,6.296900489396411,10.0,6.0,0.0,0.0,3353846.0,0.0,0.15323901
yes,no,yes,yes,yes,known,yes,yes,no,no,yes,yes,yes,no,no,no,1-highest,other,other,yes,hou,39.65,167.0,45.0,0.0,0.0,4.6,-15.0,-4.7,1.0,1.0,16.0,0.0,0.0,4.8,5.0,0.7,42.7,13.7,2.0,0.0,0.3,35.0,1.0,1.0,2.0,2.0,226.0,44.0,0.0,0.0,0.0,0.0,0.2360119047619047,5.7,24.92537313432836,35.0,0.0,30.0,9.0,3028166.0,0.0,0.08644982
no,yes,yes,yes,no,known,yes,yes,no,no,yes,yes,no,no,no,no,4-medium,suburban,self,yes,hou,80.22,663.0,85.0,1.98,0.0,0.0,-382.0,-2.0,2.7,0.7,36.7,0.0,0.0,155.5,18.3,1.3,181.7,20.0,3.3,0.0,2.0,33.0,1.0,1.0,6.0,3.0,127.0,56.0,0.0,0.0,0.0,0.0,0.1208132530120481,19.6,32.18446601941747,33.0,0.0,10.0,5.0,3039802.0,0.0,0.3038791
no,no,yes,no,no,known,no,no,no,no,no,yes,no,no,no,no,2-high,suburban,other,unknown,hou,41.2,379.0,47.0,0.0,18.0,1.3,174.0,0.9,4.3,2.3,13.7,1.3,0.0,29.8,19.7,5.0,71.3,43.3,6.7,0.0,0.0,6.0,2.0,2.0,1.0,1.0,185.0,40.0,0.0,0.0,0.0,0.0,0.1084210526315789,26.0,14.037037037037036,6.0,1.3,0.0,4.0,3346706.0,0.0,0.13515605
no,no,no,no,no,known,no,no,no,no,no,yes,no,yes,no,no,1-highest,suburban,other,yes,hou,51.48,441.0,50.0,1.49,3.0,0.0,-56.0,1.5,4.0,1.7,32.7,2.7,0.0,166.2,15.3,0.3,127.7,19.3,5.7,0.0,1.0,34.0,1.0,1.0,1.0,1.0,1026.0,32.0,0.0,0.0,0.0,0.0,0.1164705882352941,18.3,22.849740932642487,34.0,2.7,0.0,6.0,3033114.0,1.0,0.29507893
yes,no,yes,no,no,known,yes,yes,no,yes,yes,yes,no,no,no,no,3-good,other,professional,no,hou,35.1,274.0,45.0,0.25,4.0,0.0,-136.0,-4.7,0.7,1.0,7.7,0.0,0.0,3.1,3.7,0.7,14.3,7.7,2.7,0.0,0.0,7.0,2.0,2.0,1.0,1.0,205.0,50.0,0.0,0.0,0.0,0.0,0.1276363636363636,4.4,50.74074074074074,7.0,0.0,0.0,4.0,3308738.0,0.0,0.08293701
no,no,yes,yes,yes,known,yes,yes,no,no,no,yes,no,no,no,no,2-high,town,other,yes,hou,87.35,784.0,60.0,2.97,86.0,0.0,96.0,-32.2,2.0,6.0,26.0,0.0,1.3,173.9,31.0,2.7,133.7,65.0,8.0,0.0,0.3,15.0,1.0,1.0,2.0,2.0,434.0,46.0,0.0,0.0,0.0,0.0,0.1112738853503184,33.7,22.59365994236311,15.0,0.0,80.0,7.0,3168346.0,1.0,0.3442627
no,no,yes,no,no,known,yes,yes,no,no,no,yes,yes,no,no,no,2-high,suburban,other,no,hou,50.3,720.0,60.0,1.49,0.0,0.0,130.0,-0.3,6.3,4.7,19.7,0.0,0.3,266.1,75.0,17.0,91.3,95.0,11.0,0.0,3.7,6.0,1.0,1.0,1.0,1.0,183.0,28.0,0.0,0.0,0.0,0.0,0.0697642163661581,92.0,7.741935483870968,6.0,0.0,0.0,7.0,3348490.0,0.0,0.08807376
yes,no,yes,yes,no,known,no,no,no,no,yes,yes,no,no,no,no,3-good,town,other,yes,hou,34.99,234.0,45.0,0.0,0.0,0.0,23.0,0.0,0.7,0.7,2.7,0.3,0.0,18.7,9.0,6.0,32.3,21.3,1.3,0.0,0.7,12.0,2.0,2.0,1.0,1.0,358.0,40.0,0.0,0.0,0.0,0.0,0.1488936170212766,15.3,14.355828220858896,12.0,0.3,0.0,9.0,3343874.0,0.0,0.21360686
yes,no,yes,no,no,known,no,no,no,yes,yes,yes,no,no,no,no,1-highest,suburban,professional,yes,hou,39.99,296.0,50.0,0.0,0.0,0.0,-24.0,0.0,0.0,0.0,0.0,0.0,0.0,0.0,0.0,0.0,0.0,0.0,0.0,0.0,0.0,14.0,2.0,2.0,2.0,1.0,421.0,30.0,0.0,0.0,0.0,0.0,0.1346464646464646,0.0,296.0,14.0,0.0,200.0,4.0,3283782.0,0.0,0.23280948
no,no,yes,no,no,known,yes,yes,no,no,no,yes,no,no,no,no,2-high,other,other,yes,hou,95.1,1224.0,45.0,0.0,172.0,0.0,-106.0,-23.4,0.0,0.0,0.0,0.0,0.0,0.0,0.0,0.0,0.0,0.0,0.0,0.0,0.0,14.0,1.0,1.0,1.0,1.0,416.0,42.0,0.0,0.0,0.0,0.0,0.0776326530612244,0.0,1224.0,14.0,0.0,0.0,9.0,3286878.0,0.0,0.12633611
no,yes,yes,yes,no,known,no,no,no,no,yes,yes,no,yes,no,no,1-highest,other,professional,yes,hou,51.58,1708.0,60.0,0.25,4.0,0.0,-87.0,-1.6,3.3,6.0,54.7,7.7,0.7,87.5,26.0,2.7,125.7,115.7,9.3,0.0,1.0,23.0,2.0,1.0,2.0,2.0,434.0,54.0,0.0,0.0,0.0,0.0,0.0301813926272674,36.4,45.668449197860966,23.0,7.7,60.0,7.0,3150646.0,0.0,0.25166133
yes,no,yes,yes,yes,known,no,no,no,no,no,yes,yes,no,no,no,4-medium,town,other,unknown,hou,115.4,852.0,105.0,0.74,99.0,0.0,-178.0,-20.4,8.0,5.3,42.7,0.7,0.0,331.8,42.3,27.3,238.7,152.0,13.3,0.0,7.7,8.0,2.0,2.0,2.0,1.0,2.0,42.0,0.0,0.0,0.0,0.0,0.1352872215709261,70.3,11.949509116409535,8.0,0.7,150.0,9.0,3289074.0,0.0,0.14842296
no,no,yes,no,no,known,no,no,no,no,no,yes,no,no,no,no,2-high,other,other,no,hou,75.14,511.0,40.0,0.0,129.0,0.0,-138.0,-45.1,2.3,2.3,14.3,0.0,0.0,221.8,36.7,20.3,99.0,49.3,4.7,0.0,1.7,11.0,2.0,2.0,1.0,1.0,310.0,38.0,0.0,0.0,0.0,0.0,0.1467578125,57.0,8.810344827586206,11.0,0.0,0.0,7.0,3329678.0,1.0,0.4474307
no,no,no,yes,no,known,yes,yes,no,no,no,yes,no,no,no,no,2-high,rural,crafts,yes,hou,36.46,162.0,30.0,0.0,18.0,0.3,90.0,18.4,1.7,3.0,18.3,0.0,0.0,49.2,4.0,2.0,57.3,19.0,4.7,0.0,0.0,27.0,1.0,1.0,1.0,1.0,792.0,60.0,0.0,0.0,0.0,0.0,0.223680981595092,6.0,23.142857142857142,27.0,0.0,0.0,4.0,3078662.0,0.0,0.29378334
no,no,yes,yes,no,known,yes,yes,no,no,no,yes,no,yes,no,no,2-high,suburban,other,yes,hou,10.88,81.0,10.0,0.0,2.0,0.0,-75.0,-0.9,0.3,0.3,5.0,0.0,0.0,12.3,3.0,4.7,14.3,8.3,0.7,0.0,0.3,11.0,2.0,2.0,1.0,1.0,320.0,28.0,0.0,0.0,0.0,0.0,0.1326829268292683,7.7,9.310344827586208,11.0,0.0,0.0,6.0,3317086.0,1.0,0.39510956
no,no,yes,no,no,known,no,no,no,no,no,yes,no,no,no,no,3-good,other,other,no,hou,58.89,1388.0,60.0,0.0,22.0,0.0,-724.0,-8.9,9.3,4.0,33.3,3.3,0.0,458.1,109.0,52.0,149.0,244.0,13.3,0.0,12.0,12.0,2.0,1.0,1.0,1.0,350.0,60.0,0.0,0.0,0.0,0.0,0.0423974082073434,164.3,8.396854204476709,12.0,3.3,0.0,4.0,3349530.0,1.0,0.5046907
no,no,yes,no,no,known,no,no,no,no,no,yes,no,yes,no,no,1-highest,other,professional,unknown,hou,18.99,287.0,10.0,1.73,34.0,0.0,11.0,-2.3,1.0,1.0,10.7,0.0,0.0,38.2,7.7,5.3,79.7,13.3,2.0,0.0,1.0,32.0,2.0,2.0,6.0,3.0,232.0,40.0,0.0,0.0,0.0,1.0,0.0659375,13.0,20.5,32.0,0.0,10.0,7.0,3033270.0,0.0,0.19431259
no,no,no,no,no,known,no,no,no,no,no,yes,no,no,no,no,2-high,town,professional,yes,hou,29.99,75.0,40.0,0.0,0.0,0.0,-4.0,0.0,0.0,0.0,0.0,0.0,0.0,0.0,0.0,0.0,0.0,0.0,0.0,0.0,0.0,12.0,1.0,1.0,1.0,1.0,359.0,44.0,0.0,0.0,0.0,0.0,0.3946052631578947,0.0,75.0,12.0,0.0,0.0,6.0,3284462.0,0.0,0.29521692
no,no,yes,no,no,unknown,no,no,no,no,no,no,no,no,no,no,3-good,town,other,unknown,hou,41.11,142.0,42.0,0.0,0.0,0.0,-68.0,1.4,0.7,1.7,3.3,0.0,0.0,49.0,7.7,10.3,49.7,9.0,2.3,0.0,0.3,25.0,2.0,2.0,2.0,1.0,748.0,0.0,0.0,0.0,0.0,0.0,0.2874825174825174,18.0,7.473684210526316,25.0,0.0,30.0,0.0,3074026.0,0.0,0.33422935
no,no,yes,no,no,unknown,no,no,no,no,no,no,no,yes,no,no,7-lowest,other,other,unknown,hou,38.61,285.0,30.0,0.0,25.0,0.0,-285.0,-68.8,3.3,0.7,10.7,3.0,0.3,63.3,19.3,12.7,38.7,50.7,4.0,0.0,2.0,16.0,1.0,1.0,2.0,1.0,206.0,20.0,0.0,0.0,0.0,0.0,0.135,35.0,7.916666666666667,16.0,3.0,130.0,0.0,3161182.0,0.0,0.2764794
yes,no,yes,no,no,known,yes,yes,no,no,no,yes,no,no,no,no,5-low,suburban,professional,yes,hou,53.22,270.0,30.0,12.38,33.0,0.0,-88.0,-15.3,0.3,0.3,6.7,0.3,0.0,10.7,1.0,0.7,60.0,10.3,0.7,0.0,0.3,9.0,1.0,1.0,1.0,1.0,273.0,40.0,0.0,0.0,0.0,0.0,0.1963837638376383,2.0,90.0,9.0,0.3,0.0,6.0,3270882.0,1.0,0.12270858
no,no,no,yes,no,known,no,no,no,no,no,yes,no,no,no,no,3-good,rural,other,no,hou,72.75,148.0,15.0,0.25,72.0,0.0,-29.0,-13.7,0.0,0.0,0.0,0.0,0.0,0.0,0.0,0.0,0.0,0.0,0.0,0.0,0.0,22.0,2.0,2.0,1.0,1.0,663.0,22.0,0.0,0.0,0.0,0.0,0.4882550335570469,0.0,148.0,22.0,0.0,0.0,2.0,3135446.0,1.0,0.3053205
yes,no,yes,yes,no,known,yes,yes,no,no,yes,yes,no,no,no,no,1-highest,town,professional,yes,hou,16.61,401.0,10.0,1.73,31.0,0.0,15.0,8.6,0.0,0.0,0.0,0.0,0.0,0.0,0.0,0.0,0.0,0.0,0.0,0.0,0.0,14.0,3.0,2.0,2.0,1.0,385.0,38.0,0.0,0.0,0.0,0.0,0.041318407960199,0.0,401.0,14.0,0.0,150.0,9.0,3261030.0,1.0,0.21839899
no,no,yes,no,no,unknown,no,no,no,no,no,no,no,no,no,no,4-medium,suburban,other,unknown,hou,40.08,174.0,55.0,0.0,0.0,0.1,8.0,-40.1,0.7,3.3,7.0,0.0,0.0,47.7,14.7,24.3,54.7,16.3,4.0,0.0,0.0,17.0,1.0,1.0,2.0,2.0,504.0,0.0,0.0,0.0,0.0,0.0,0.2290285714285714,39.0,4.35,17.0,0.0,30.0,0.0,3149962.0,1.0,0.23308817
no,no,yes,no,no,known,yes,yes,no,no,no,yes,no,yes,no,no,2-high,suburban,professional,yes,hou,156.16,628.0,30.0,1.73,272.0,4.1,-189.0,1.0,3.7,6.3,33.0,0.0,0.0,195.9,27.7,6.7,124.3,34.0,10.0,0.0,1.3,25.0,2.0,2.0,2.0,2.0,14.0,42.0,0.0,0.0,0.0,0.0,0.2482670906200318,34.4,17.740112994350284,25.0,0.0,60.0,8.0,3130830.0,0.0,0.48299095
no,no,yes,yes,yes,known,no,no,yes,no,no,yes,no,no,no,no,3-good,other,other,unknown,hou,62.45,623.0,55.0,1.24,80.0,0.6,223.0,-18.5,0.0,0.0,0.0,0.0,0.0,0.0,0.0,0.0,0.0,0.0,0.0,0.0,0.0,22.0,3.0,2.0,3.0,2.0,350.0,52.0,0.0,0.0,0.0,0.0,0.1000801282051282,0.0,623.0,22.0,0.0,200.0,6.0,3107282.0,0.0,0.26804975
no,no,yes,no,no,unknown,no,no,no,no,no,no,no,no,no,no,4-medium,other,other,unknown,hou,46.74,236.0,25.0,1.24,41.0,1.2,586.0,27.3,0.3,1.7,29.0,2.3,0.0,20.8,11.3,2.3,33.7,25.0,2.0,0.0,0.0,13.0,1.0,1.0,1.0,1.0,375.0,0.0,0.0,0.0,1.0,0.0,0.1972151898734177,15.900000000000002,13.964497041420117,13.0,2.3,0.0,0.0,3274522.0,0.0,0.32554433
no,no,yes,no,no,unknown,no,no,no,no,no,no,no,no,no,no,5-low,other,other,unknown,hou,76.3,807.0,75.0,0.5,10.0,0.0,-355.0,-11.0,1.7,5.0,28.3,0.0,0.0,332.5,45.0,26.0,234.3,108.0,6.7,0.0,1.3,13.0,1.0,1.0,1.0,1.0,406.0,0.0,0.0,0.0,1.0,0.0,0.0944306930693069,71.0,11.208333333333334,13.0,0.0,0.0,0.0,3193114.0,0.0,0.2843646
yes,no,yes,yes,yes,known,yes,yes,no,no,yes,yes,no,no,no,no,2-high,other,professional,no,hou,55.13,396.0,47.0,0.0,16.0,5.4,106.0,5.1,5.7,5.3,16.0,0.0,0.0,10.9,30.0,4.3,65.7,48.0,11.0,0.0,0.0,15.0,2.0,1.0,2.0,2.0,22.0,50.0,0.0,0.0,0.0,0.0,0.1388664987405541,34.3,11.218130311614733,15.0,0.0,80.0,3.0,3233998.0,0.0,0.2554541
no,yes,yes,no,no,known,no,no,no,no,no,yes,no,no,no,no,2-high,other,other,yes,hou,35.13,324.0,30.0,0.25,17.0,0.0,52.0,18.3,7.3,3.7,12.0,2.0,0.0,31.9,10.0,7.0,36.7,28.3,11.0,0.0,0.0,21.0,2.0,2.0,2.0,2.0,86.0,58.0,0.0,0.0,0.0,0.0,0.1080923076923077,19.0,16.2,21.0,2.0,30.0,9.0,3125222.0,0.0,0.29170045
yes,no,yes,yes,no,known,yes,yes,no,no,no,yes,no,no,no,no,3-good,other,other,unknown,hou,31.91,141.0,30.0,0.0,6.0,1.4,18.0,3.7,0.0,0.7,6.0,0.7,0.0,40.3,13.7,9.0,41.3,19.3,0.7,0.0,0.0,20.0,2.0,2.0,1.0,1.0,613.0,54.0,0.0,0.0,0.0,0.0,0.2247183098591549,23.4,5.778688524590164,20.0,0.7,0.0,9.0,3136898.0,0.0,0.21837159
no,no,yes,no,no,unknown,no,no,no,no,no,no,yes,no,no,no,5-low,other,other,unknown,hou,116.96,904.0,45.0,4.21,81.0,1.3,186.0,135.6,7.0,8.3,67.7,0.0,0.0,204.2,53.7,21.0,155.0,132.3,15.3,0.0,4.7,16.0,2.0,1.0,1.0,1.0,481.0,0.0,0.0,0.0,1.0,0.0,0.1292375690607734,74.7,11.941875825627475,16.0,0.0,0.0,0.0,3187978.0,0.0,0.35786077
no,yes,yes,no,no,unknown,no,no,no,no,no,no,no,no,no,no,5-low,other,other,unknown,hou,75.98,906.0,85.0,0.99,0.0,0.0,52.0,0.0,8.0,20.3,148.7,6.3,0.3,181.8,26.7,13.3,232.3,217.0,28.3,0.0,6.0,11.0,1.0,1.0,2.0,2.0,209.0,0.0,0.0,0.0,1.0,0.0,0.0837706725468577,46.3,19.15433403805497,11.0,6.3,130.0,0.0,3355934.0,0.0,0.3065624
yes,no,yes,no,no,known,yes,yes,no,no,no,yes,no,no,no,no,2-high,other,professional,yes,hou,10.25,266.0,10.0,0.25,0.0,0.0,-59.0,-0.2,2.3,3.0,24.7,0.3,0.0,49.3,12.0,3.3,78.3,26.0,5.3,0.0,0.3,17.0,4.0,2.0,1.0,1.0,513.0,44.0,0.0,0.0,0.0,0.0,0.0383895131086142,15.6,16.02409638554217,17.0,0.3,0.0,9.0,3223106.0,0.0,0.1996868
no,no,yes,yes,no,known,yes,yes,no,no,no,yes,no,yes,no,no,1-highest,other,other,yes,hou,48.81,402.0,50.0,0.0,0.0,0.0,40.0,1.2,0.7,3.7,17.0,0.0,0.0,164.7,6.7,4.7,127.0,22.7,4.3,0.0,0.7,27.0,1.0,1.0,1.0,1.0,818.0,58.0,0.0,0.0,0.0,0.0,0.1211166253101737,11.4,32.41935483870968,27.0,0.0,0.0,2.0,3047542.0,0.0,0.17269172
no,yes,yes,no,no,unknown,no,no,no,no,no,no,no,no,no,no,7-lowest,other,other,unknown,hou,56.2,1622.0,42.0,0.74,71.0,0.0,-96.0,-18.2,31.7,7.0,89.3,2.7,0.0,345.9,46.3,3.0,131.3,252.7,38.7,0.0,2.0,18.0,1.0,1.0,2.0,2.0,507.0,0.0,0.0,0.0,1.0,0.0,0.0346272335181762,52.0,30.60377358490566,18.0,2.7,30.0,0.0,3190090.0,0.0,0.28343588
yes,no,yes,no,no,known,yes,yes,yes,no,no,yes,yes,no,no,no,1-highest,other,other,yes,hou,62.14,890.0,60.0,0.0,30.0,0.0,16.0,-11.2,5.7,4.7,47.3,5.3,0.0,200.8,10.3,0.7,142.3,66.0,10.3,0.0,0.0,31.0,1.0,1.0,6.0,2.0,116.0,46.0,0.0,0.0,0.0,1.0,0.0697418630751964,16.3,51.44508670520231,31.0,5.3,200.0,6.0,3030154.0,0.0,0.1682525
no,no,no,no,no,known,no,no,no,no,no,yes,no,no,no,no,1-highest,other,other,unknown,hou,29.51,157.0,40.0,0.5,0.0,0.0,7.0,0.5,5.7,2.7,12.0,0.0,0.0,32.6,26.3,5.7,43.7,36.3,8.3,0.0,1.7,32.0,3.0,1.0,1.0,1.0,982.0,46.0,0.0,0.0,0.0,0.0,0.1867721518987342,32.0,4.757575757575758,32.0,0.0,0.0,4.0,3032422.0,0.0,0.39563894
yes,no,yes,no,no,known,no,no,no,no,no,yes,no,no,no,no,2-high,suburban,other,yes,hou,36.4,117.0,45.0,2.23,0.0,0.0,-31.0,-0.4,0.0,0.7,10.0,0.0,0.0,0.0,6.3,0.0,27.0,1.3,0.7,0.0,0.0,7.0,1.0,1.0,1.0,1.0,212.0,52.0,0.0,0.0,0.0,0.0,0.3084745762711864,6.3,16.027397260273972,7.0,0.0,0.0,7.0,3316202.0,0.0,0.06854687
no,no,yes,no,no,unknown,no,no,no,no,no,no,no,no,no,no,5-low,other,other,unknown,hou,58.88,466.0,60.0,0.99,10.0,0.0,117.0,10.7,7.3,6.7,36.7,13.3,0.0,93.8,53.0,17.3,163.7,80.3,14.0,0.0,1.7,7.0,1.0,1.0,1.0,1.0,198.0,0.0,0.0,0.0,0.0,0.0,0.1260813704496788,83.6,5.508274231678487,7.0,13.3,0.0,0.0,3379370.0,0.0,0.070935495
no,no,yes,no,no,known,yes,yes,no,no,yes,yes,yes,no,no,no,1-highest,suburban,other,no,hou,48.37,480.0,60.0,0.0,0.0,0.0,126.0,1.6,1.3,7.0,12.7,0.0,0.0,0.7,3.7,0.3,18.3,20.0,8.3,0.0,0.0,10.0,2.0,1.0,3.0,1.0,189.0,70.0,0.0,0.0,0.0,0.0,0.1005613305613305,4.0,96.0,10.0,0.0,150.0,7.0,3296914.0,0.0,0.108764924
no,no,yes,no,no,unknown,no,no,no,no,no,yes,yes,no,no,no,4-medium,other,other,no,hou,110.13,879.0,50.0,0.0,176.0,0.0,240.0,82.3,4.7,2.0,59.7,3.0,0.0,173.1,4.3,3.0,200.3,126.7,6.7,0.0,0.7,16.0,1.0,1.0,3.0,2.0,197.0,0.0,0.0,0.0,0.0,0.0,0.1251477272727272,10.3,77.78761061946902,16.0,3.0,10.0,5.0,3164370.0,1.0,0.35137588
no,yes,yes,no,no,unknown,no,no,no,no,no,no,no,no,no,no,1-highest,other,other,unknown,hou,67.53,400.0,67.0,1.49,0.0,0.0,160.0,-4.6,3.0,4.0,149.3,0.0,0.0,91.5,26.3,23.0,127.3,31.0,7.0,0.0,1.3,18.0,2.0,2.0,2.0,2.0,335.0,0.0,0.0,0.0,0.0,0.0,0.1684039900249376,49.3,7.952286282306163,18.0,0.0,60.0,0.0,3141930.0,0.0,0.31442878
yes,no,yes,yes,yes,known,yes,yes,no,no,no,yes,no,no,no,no,2-high,other,other,yes,hou,34.99,189.0,45.0,0.0,0.0,0.0,-111.0,0.0,9.3,2.3,18.7,0.0,1.3,5.3,0.7,0.0,14.0,21.3,11.7,0.0,0.0,11.0,1.0,1.0,1.0,1.0,316.0,38.0,0.0,0.0,0.0,0.0,0.1841578947368421,0.7,111.17647058823528,11.0,0.0,0.0,9.0,3321398.0,1.0,0.36208022
no,no,yes,yes,no,known,no,no,no,no,no,yes,no,no,no,no,5-low,rural,other,no,hou,64.61,683.0,45.0,0.5,94.0,2.7,-683.0,-29.6,26.3,28.0,112.0,3.3,1.0,151.2,36.3,18.7,149.7,235.3,54.3,0.0,2.0,9.0,1.0,1.0,1.0,1.0,268.0,68.0,0.0,0.0,0.0,0.0,0.0944590643274853,58.3,11.5177065767285,9.0,3.3,0.0,1.0,3325086.0,0.0,0.3226987
no,yes,yes,no,no,known,no,no,no,no,no,yes,no,yes,no,no,3-good,other,other,no,hou,43.31,683.0,37.0,0.0,0.0,3.1,-43.0,-41.5,0.0,0.0,0.0,0.0,0.0,0.0,0.0,0.0,0.0,0.0,0.0,0.0,0.0,16.0,1.0,1.0,2.0,2.0,359.0,32.0,0.0,0.0,0.0,0.0,0.0633187134502924,0.0,683.0,16.0,0.0,30.0,4.0,3216814.0,0.0,0.17763428
no,no,yes,yes,no,known,yes,yes,no,no,no,yes,yes,no,no,no,2-high,suburban,other,yes,hou,49.35,779.0,63.0,0.99,0.0,0.0,227.0,1.6,4.0,14.3,41.3,1.0,0.0,78.9,0.0,0.0,91.7,69.0,18.3,0.0,0.0,10.0,3.0,3.0,2.0,2.0,214.0,52.0,0.0,0.0,0.0,0.0,0.0632692307692307,1.0,389.5,10.0,1.0,60.0,6.0,3293558.0,0.0,0.07067785
no,no,yes,no,no,known,yes,yes,no,no,no,yes,no,no,no,no,5-low,other,other,unknown,hou,30.14,134.0,30.0,0.0,0.0,0.0,119.0,-0.2,0.7,4.3,21.3,0.0,0.0,8.4,2.7,0.0,18.0,16.3,5.0,0.0,0.0,20.0,1.0,1.0,1.0,1.0,599.0,48.0,0.0,0.0,0.0,0.0,0.2232592592592592,2.7,36.21621621621622,20.0,0.0,0.0,3.0,3183106.0,0.0,0.13481279
no,no,yes,yes,yes,known,no,no,no,no,no,yes,yes,no,no,no,4-medium,town,professional,unknown,hou,78.19,1250.0,50.0,0.5,126.0,0.0,562.0,129.4,8.3,7.3,30.3,1.3,0.7,283.7,77.0,29.7,72.0,193.7,15.7,0.0,7.3,26.0,1.0,1.0,3.0,3.0,132.0,54.0,0.0,0.0,0.0,2.0,0.0625019984012789,108.0,11.46788990825688,26.0,1.3,100.0,6.0,3101850.0,0.0,0.2088185
no,no,yes,no,no,known,no,no,no,no,no,no,no,no,no,no,5-low,suburban,other,no,hou,47.29,954.0,50.0,0.0,18.0,0.0,-141.0,6.7,27.3,22.0,203.3,8.7,0.0,183.9,88.3,22.3,118.7,186.0,49.3,0.0,3.3,8.0,1.0,1.0,1.0,1.0,214.0,34.0,0.0,0.0,0.0,0.0,0.0495183246073298,119.3,7.930174563591023,8.0,8.7,0.0,1.0,3376226.0,0.0,0.061566964
no,no,yes,no,no,known,no,no,no,no,no,yes,no,no,no,no,3-good,other,other,no,hou,56.02,494.0,60.0,1.73,0.0,0.0,51.0,-1.1,0.0,0.0,0.0,0.0,0.0,0.0,0.0,0.0,0.0,0.0,0.0,0.0,0.0,15.0,1.0,1.0,1.0,1.0,445.0,22.0,0.0,0.0,0.0,0.0,0.1131717171717171,0.0,494.0,15.0,0.0,0.0,6.0,3269506.0,0.0,0.16059653
no,no,yes,no,no,known,no,no,no,no,no,yes,yes,no,no,no,4-medium,other,other,unknown,hou,51.96,720.0,60.0,0.0,0.0,0.0,-2.0,1.3,18.3,8.7,48.3,2.3,0.3,143.3,22.0,10.3,93.0,69.0,27.0,0.0,1.7,11.0,2.0,2.0,1.0,1.0,329.0,28.0,0.0,0.0,0.0,0.0,0.0720665742024965,34.599999999999994,20.2247191011236,11.0,2.3,0.0,4.0,3232810.0,0.0,0.38843206
no,no,yes,yes,no,known,yes,yes,no,no,yes,yes,yes,no,no,no,2-high,other,professional,yes,hou,77.9,486.0,75.0,0.0,86.0,0.0,-113.0,-48.9,2.0,2.0,26.0,0.7,0.0,215.4,29.3,28.0,120.7,52.0,4.0,0.0,0.3,11.0,4.0,4.0,1.0,1.0,308.0,54.0,0.0,0.0,0.0,0.0,0.159958932238193,58.0,8.23728813559322,11.0,0.7,0.0,9.0,3333142.0,0.0,0.39219525
no,no,yes,yes,no,known,yes,yes,no,no,yes,yes,no,no,no,no,1-highest,other,other,no,hou,32.95,235.0,30.0,0.25,10.0,0.0,1.0,-2.0,0.7,1.7,2.0,0.0,0.0,30.5,1.7,0.0,47.0,7.3,2.3,0.0,0.0,29.0,1.0,1.0,1.0,1.0,883.0,30.0,0.0,0.0,0.0,0.0,0.1396186440677966,1.7,87.03703703703704,29.0,0.0,0.0,3.0,3038314.0,0.0,0.24330021
yes,yes,yes,yes,no,unknown,yes,yes,no,no,no,no,no,no,no,no,1-highest,town,other,no,hou,151.82,1313.0,10.0,6.43,331.0,0.0,0.0,-1.5,13.3,5.7,83.7,6.0,1.0,287.6,52.3,10.3,202.0,87.0,19.0,0.0,3.7,32.0,2.0,2.0,3.0,3.0,127.0,42.0,0.0,0.0,0.0,0.0,0.1155403348554033,68.6,18.864942528735632,32.0,6.0,30.0,6.0,3042274.0,0.0,0.45430306
no,no,yes,no,no,unknown,no,no,no,no,no,no,no,no,no,no,5-low,other,other,unknown,hou,36.07,244.0,50.0,0.74,19.0,0.0,-64.0,3.9,0.3,2.3,33.3,1.3,0.0,36.8,6.3,1.7,156.3,10.7,2.7,0.0,0.0,8.0,1.0,1.0,1.0,1.0,249.0,0.0,0.0,0.0,0.0,0.0,0.1472244897959183,9.3,23.689320388349515,8.0,1.3,0.0,0.0,3345154.0,0.0,0.07121014
no,no,yes,no,no,unknown,no,no,no,no,no,no,no,no,no,yes,3-good,other,other,unknown,hou,244.57,4094.0,210.0,2.48,211.0,0.0,-1340.0,-34.6,12.3,17.3,172.0,12.7,1.3,1549.9,236.7,123.7,1005.3,355.7,30.0,0.0,81.7,16.0,1.0,1.0,2.0,2.0,379.0,0.0,1.0,1.0,0.0,0.0,0.0597240537240537,374.1,10.91442282058118,16.0,13.7,150.0,0.0,3254474.0,1.0,0.49962488
yes,no,yes,yes,yes,known,yes,yes,no,no,no,yes,no,no,no,no,2-high,other,other,yes,hou,37.64,279.0,41.0,0.0,0.0,0.0,30.0,2.3,2.0,2.0,24.0,18.0,0.0,25.8,2.3,0.0,72.7,24.7,4.0,0.0,0.3,21.0,1.0,1.0,2.0,2.0,630.0,42.0,0.0,0.0,0.0,0.0,0.1344285714285714,20.3,13.098591549295774,21.0,18.0,150.0,9.0,3116746.0,0.0,0.14221011
no,yes,yes,no,no,known,no,no,no,no,no,yes,no,yes,no,no,2-high,other,other,no,hou,9.99,193.0,10.0,0.0,0.0,0.0,11.0,0.0,0.7,3.7,15.7,0.0,0.0,36.0,14.3,5.3,41.3,35.7,4.3,0.0,1.7,22.0,2.0,2.0,3.0,2.0,188.0,28.0,0.0,0.0,0.0,0.0,0.0514948453608247,19.6,9.36893203883495,22.0,0.0,10.0,4.0,3157918.0,0.0,0.2047153
no,no,yes,no,no,unknown,no,no,no,no,no,no,no,yes,no,no,3-good,other,other,unknown,hou,102.56,873.0,87.0,0.99,78.0,0.0,65.0,-19.9,17.0,5.3,32.7,1.7,0.7,194.7,37.3,6.7,114.7,68.7,22.3,0.0,1.0,18.0,2.0,1.0,2.0,2.0,14.0,0.0,0.0,0.0,0.0,0.0,0.117345537757437,45.7,18.693790149892934,18.0,1.7,200.0,0.0,3189550.0,1.0,0.1509221
no,no,yes,yes,yes,known,yes,yes,yes,no,yes,yes,no,no,no,no,1-highest,suburban,professional,yes,hou,42.49,118.0,42.0,0.0,0.0,0.0,-5.0,0.0,1.7,0.0,5.7,0.0,0.0,4.8,0.0,0.0,25.3,14.3,1.7,0.0,0.0,29.0,2.0,2.0,2.0,2.0,585.0,62.0,0.0,0.0,0.0,0.0,0.3570588235294117,0.0,118.0,29.0,0.0,30.0,6.0,3073930.0,0.0,0.15861836
no,no,yes,no,no,known,no,no,no,no,no,yes,no,no,no,no,2-high,other,other,yes,hou,31.99,181.0,35.0,0.0,0.0,1.9,154.0,1.5,1.3,2.7,15.0,0.0,0.0,15.5,6.3,0.7,9.0,22.0,4.0,0.0,0.0,14.0,1.0,1.0,1.0,1.0,395.0,50.0,0.0,0.0,0.0,0.0,0.1757692307692307,7.0,22.625,14.0,0.0,0.0,5.0,3303398.0,0.0,0.2328783
no,no,yes,no,no,unknown,no,no,no,no,no,no,no,no,no,no,4-medium,town,other,no,hou,33.41,318.0,40.0,0.0,4.0,0.0,10.0,-0.2,16.7,8.0,37.0,5.3,0.0,6.8,8.7,0.0,32.3,16.7,24.7,0.0,0.0,15.0,1.0,1.0,2.0,2.0,68.0,30.0,0.0,0.0,0.0,0.0,0.1047335423197492,14.0,21.2,15.0,5.3,130.0,0.0,3193578.0,0.0,0.2810728
no,no,yes,yes,yes,known,yes,yes,no,no,no,yes,yes,no,no,no,2-high,suburban,other,yes,hou,36.25,210.0,55.0,0.0,0.0,0.0,7.0,6.0,1.3,0.7,5.0,0.0,0.0,19.6,7.7,0.3,34.7,32.3,2.0,0.0,0.0,12.0,1.0,1.0,1.0,1.0,355.0,30.0,0.0,0.0,0.0,0.0,0.1718009478672985,8.0,23.33333333333333,12.0,0.0,0.0,8.0,3216918.0,0.0,0.314073
yes,no,yes,yes,yes,known,yes,yes,no,no,no,yes,no,yes,no,no,2-high,other,professional,yes,hou,89.99,120.0,100.0,0.0,0.0,0.0,-34.0,0.0,0.0,2.7,4.3,0.0,0.0,22.0,4.7,1.7,20.3,14.7,2.7,0.0,0.0,24.0,6.0,3.0,1.0,1.0,725.0,42.0,0.0,0.0,0.0,0.0,0.7437190082644628,6.4,16.216216216216214,24.0,0.0,0.0,9.0,3135090.0,0.0,0.25204957
no,no,yes,no,no,known,no,no,no,yes,no,yes,no,no,no,no,2-high,other,self,yes,hou,32.74,88.0,32.0,0.25,0.0,0.0,-71.0,0.7,0.7,4.3,4.0,0.0,0.0,22.1,1.3,2.3,41.3,2.3,5.0,0.0,0.0,23.0,2.0,2.0,1.0,1.0,688.0,70.0,0.0,0.0,0.0,0.0,0.3678651685393259,3.6,19.1304347826087,23.0,0.0,0.0,6.0,3113634.0,1.0,0.29173207
no,no,yes,no,no,known,no,no,no,no,no,yes,yes,no,no,no,3-good,rural,other,unknown,hou,51.99,348.0,32.0,0.0,80.0,0.0,216.0,35.4,0.7,8.0,22.3,0.0,0.0,57.5,35.3,20.0,92.7,42.7,8.7,0.0,0.7,21.0,2.0,2.0,1.0,1.0,629.0,30.0,0.0,0.0,0.0,0.0,0.1489684813753581,55.3,6.181172291296625,21.0,0.0,0.0,3.0,3147194.0,1.0,0.50202996
yes,no,yes,yes,no,known,no,no,no,no,no,yes,no,no,no,no,1-highest,town,other,yes,hou,49.56,570.0,60.0,0.74,4.0,0.0,19.0,0.4,2.0,0.7,47.7,0.0,0.0,90.3,14.0,1.0,128.7,56.3,2.7,0.0,0.0,28.0,1.0,1.0,2.0,1.0,809.0,36.0,0.0,0.0,0.0,0.0,0.0867950963222416,15.0,35.625,28.0,0.0,30.0,9.0,3044918.0,1.0,0.230236
no,no,yes,yes,no,known,no,no,no,no,yes,yes,no,no,no,no,2-high,other,other,no,hou,38.75,410.0,30.0,0.0,40.0,0.0,-100.0,-8.8,3.0,6.3,38.7,7.0,0.0,113.2,29.3,43.0,135.0,53.7,9.3,0.0,0.7,23.0,4.0,2.0,2.0,2.0,82.0,36.0,0.0,0.0,1.0,0.0,0.0942822384428223,79.3,5.1058530510585305,23.0,7.0,60.0,3.0,3112770.0,0.0,0.27799547
no,no,yes,no,no,known,no,no,no,no,no,yes,no,no,no,no,5-low,other,other,yes,hou,57.72,1424.0,60.0,1.24,28.0,0.0,26.0,-2.8,8.0,17.7,38.3,15.0,8.0,289.6,23.7,6.7,139.0,175.7,25.7,0.0,9.0,24.0,1.0,1.0,1.0,1.0,731.0,36.0,0.0,0.0,0.0,0.0,0.0405052631578947,45.4,30.6896551724138,24.0,15.0,0.0,4.0,3083594.0,0.0,0.14540866
yes,no,yes,yes,no,known,yes,yes,no,no,yes,yes,no,no,no,no,2-high,other,other,yes,hou,29.29,275.0,40.0,0.0,0.0,0.0,-22.0,-3.2,0.0,1.0,26.0,1.0,0.0,16.6,2.7,5.7,53.0,15.0,1.0,0.0,0.3,18.0,2.0,2.0,1.0,1.0,561.0,44.0,0.0,0.0,0.0,0.0,0.1061231884057971,9.4,26.44230769230769,18.0,1.0,0.0,9.0,3132846.0,0.0,0.13184287
no,yes,yes,no,no,unknown,no,no,no,no,no,no,no,no,no,no,3-good,suburban,other,unknown,hou,61.94,1413.0,45.0,0.0,95.0,0.0,-265.0,-26.9,7.3,3.3,36.7,4.3,0.3,346.4,91.0,20.3,95.0,182.3,10.7,0.0,5.0,21.0,2.0,1.0,3.0,3.0,338.0,0.0,0.0,0.0,0.0,0.0,0.0438048090523338,115.6,12.11835334476844,21.0,4.3,150.0,0.0,3115130.0,0.0,0.30028424
no,yes,yes,yes,yes,known,yes,yes,no,no,no,yes,yes,no,no,no,3-good,town,other,yes,hou,53.75,397.0,40.0,0.0,85.0,0.3,-38.0,-6.7,4.3,2.7,31.7,1.0,0.3,9.5,49.0,2.3,56.7,46.0,7.0,0.0,0.0,19.0,2.0,2.0,1.0,1.0,568.0,28.0,0.0,0.0,0.0,0.0,0.1350502512562814,52.3,7.448405253283302,19.0,1.0,0.0,6.0,3152998.0,1.0,0.38952866
yes,no,yes,no,no,known,no,no,no,no,no,yes,no,yes,no,no,3-good,other,other,yes,hou,42.76,464.0,45.0,0.0,15.0,0.1,-108.0,-7.8,0.7,6.3,72.3,8.7,0.0,68.6,29.7,14.0,73.0,77.0,7.0,0.0,0.3,22.0,1.0,1.0,3.0,3.0,282.0,54.0,0.0,0.0,0.0,0.0,0.0919569892473118,52.400000000000006,8.689138576779026,22.0,8.7,150.0,4.0,3101814.0,0.0,0.14656524
no,yes,yes,no,no,unknown,no,no,no,no,no,yes,no,yes,no,no,4-medium,other,other,unknown,hou,76.66,1756.0,60.0,5.94,61.0,3.0,-281.0,-3.6,20.3,10.7,203.7,7.3,0.0,361.3,47.7,25.7,288.0,656.7,31.0,0.0,18.7,15.0,1.0,1.0,1.0,1.0,453.0,26.0,0.0,0.0,1.0,0.0,0.0436311895276038,80.7,21.49326805385557,15.0,7.3,0.0,1.0,3222766.0,1.0,0.28216624
no,no,yes,yes,yes,known,yes,yes,no,no,yes,yes,no,no,no,no,1-highest,suburban,professional,yes,hou,70.98,309.0,80.0,0.99,0.0,0.0,-86.0,-1.0,2.3,0.3,8.3,0.0,0.0,25.7,8.0,1.7,47.3,6.0,2.7,0.0,0.7,29.0,2.0,2.0,3.0,3.0,288.0,54.0,0.0,0.0,0.0,0.0,0.2289677419354839,9.7,28.8785046728972,29.0,0.0,80.0,9.0,3068766.0,0.0,0.1616156
yes,no,yes,yes,yes,known,yes,yes,yes,no,no,yes,no,no,no,no,1-highest,suburban,professional,no,hou,58.71,383.0,52.0,0.0,0.0,0.0,-122.0,-8.7,5.7,8.0,74.7,0.0,0.0,2.3,2.7,0.3,142.0,46.0,13.7,0.0,0.0,35.0,1.0,1.0,3.0,2.0,39.0,48.0,0.0,0.0,0.0,1.0,0.152890625,3.0,95.75,35.0,0.0,30.0,3.0,3036818.0,0.0,0.13464348
yes,no,yes,yes,yes,known,yes,yes,no,no,yes,yes,yes,no,no,no,4-medium,town,self,yes,hou,55.1,717.0,60.0,4.95,0.0,0.2,-109.0,1.8,6.7,18.7,106.0,0.0,0.0,81.2,58.7,14.3,200.7,154.0,25.3,0.0,1.7,33.0,2.0,2.0,4.0,3.0,335.0,44.0,0.0,0.0,0.0,0.0,0.0767409470752089,73.0,9.68918918918919,33.0,0.0,130.0,9.0,3036190.0,0.0,0.2576336
yes,no,yes,yes,no,known,yes,yes,no,no,yes,yes,no,no,no,yes,2-high,town,professional,yes,hou,159.92,2480.0,60.0,0.25,278.0,5.3,-892.0,-98.9,7.0,3.3,35.7,2.3,0.0,108.5,19.7,1.0,66.7,68.3,10.3,0.0,0.7,11.0,1.0,1.0,1.0,1.0,342.0,38.0,1.0,0.0,0.0,0.0,0.0644578798871422,24.0,99.2,11.0,3.3,0.0,7.0,3267306.0,1.0,0.8526102
no,no,yes,yes,no,known,yes,yes,no,no,no,yes,no,no,no,no,1-highest,suburban,other,unknown,hou,50.88,1456.0,60.0,0.0,2.0,0.0,368.0,2.7,9.7,11.0,55.0,4.0,0.0,376.6,81.0,23.0,125.7,128.7,20.7,0.0,1.0,7.0,6.0,1.0,2.0,2.0,108.0,54.0,0.0,0.0,0.0,0.0,0.0349210706932052,108.0,13.357798165137616,7.0,4.0,100.0,6.0,3388478.0,0.0,0.24972029
no,no,yes,yes,yes,known,no,no,no,no,no,yes,yes,no,no,no,3-good,other,other,no,hou,60.35,480.0,50.0,0.0,0.0,0.1,-179.0,-7.1,7.7,16.3,29.7,9.7,1.0,76.0,15.3,4.3,76.7,73.3,24.0,0.0,0.7,13.0,1.0,1.0,2.0,1.0,95.0,26.0,0.0,0.0,0.0,0.0,0.1254677754677754,29.3,15.84158415841584,13.0,9.7,200.0,2.0,3223442.0,1.0,0.26636487
no,yes,yes,no,no,known,yes,yes,no,yes,yes,yes,no,no,no,no,4-medium,other,other,no,hou,78.25,338.0,30.0,0.0,138.0,0.0,135.0,47.5,1.3,1.3,8.3,0.0,0.0,138.7,18.7,1.3,29.7,42.0,2.7,0.0,0.3,33.0,1.0,1.0,6.0,5.0,405.0,58.0,0.0,0.0,1.0,0.0,0.2308259587020649,20.0,16.095238095238095,33.0,0.0,40.0,6.0,3039378.0,0.0,0.33609793
yes,no,yes,yes,yes,known,yes,yes,no,yes,yes,yes,no,no,no,no,2-high,suburban,professional,yes,hou,50.28,721.0,60.0,0.0,0.0,0.1,-59.0,5.2,2.3,1.7,46.0,7.7,0.0,53.3,11.0,3.3,84.0,58.0,4.0,0.0,1.3,19.0,1.0,1.0,1.0,1.0,590.0,36.0,0.0,0.0,0.0,0.0,0.0696398891966759,22.0,31.347826086956523,19.0,7.7,0.0,4.0,3108894.0,0.0,0.19829987
no,no,yes,no,no,known,no,no,no,no,no,yes,no,yes,no,no,3-good,suburban,other,unknown,hou,30.0,173.0,40.0,0.0,0.0,0.0,13.0,0.0,1.3,0.0,13.0,1.0,0.0,2.8,5.0,0.0,20.7,24.0,1.3,0.0,0.0,16.0,1.0,1.0,1.0,1.0,470.0,40.0,0.0,0.0,0.0,0.0,0.1724137931034483,6.0,24.714285714285715,16.0,1.0,0.0,6.0,3213718.0,0.0,0.14873035
no,no,yes,no,no,known,no,no,no,no,no,yes,no,yes,no,no,4-medium,other,other,no,hou,34.16,56.0,35.0,0.0,0.0,0.0,-56.0,0.8,2.0,0.3,5.7,0.0,0.0,7.5,1.7,0.7,8.0,15.0,2.3,0.0,0.0,30.0,1.0,1.0,3.0,1.0,815.0,46.0,0.0,0.0,0.0,0.0,0.599298245614035,2.4,16.47058823529412,30.0,0.0,30.0,6.0,3032302.0,1.0,0.40348876
no,yes,yes,yes,no,unknown,no,no,no,no,no,yes,no,no,no,no,5-low,other,other,no,hou,21.23,402.0,10.0,2.72,0.0,0.0,350.0,31.4,5.3,17.7,51.3,1.7,0.0,99.6,32.7,48.3,157.0,100.0,23.3,0.0,2.7,10.0,3.0,3.0,4.0,4.0,41.0,30.0,0.0,0.0,0.0,0.0,0.0526799007444168,82.7,4.802867383512544,10.0,1.7,100.0,6.0,3251910.0,0.0,0.26289967
no,no,yes,yes,yes,known,yes,yes,no,no,yes,yes,no,yes,no,no,3-good,suburban,other,no,hou,53.58,575.0,50.0,1.24,22.0,0.0,-33.0,4.6,2.3,5.7,23.0,0.0,0.0,176.8,36.3,14.7,155.3,39.3,8.0,0.0,3.7,26.0,3.0,3.0,2.0,2.0,264.0,70.0,0.0,0.0,0.0,0.0,0.0930208333333333,51.0,11.057692307692308,26.0,0.0,30.0,5.0,3063894.0,0.0,0.14761434
yes,no,yes,yes,no,known,yes,yes,no,no,no,yes,no,yes,no,no,2-high,town,other,yes,hou,11.53,202.0,10.0,0.0,0.0,0.0,12.0,0.5,2.7,1.7,9.7,0.0,0.0,19.7,18.7,3.0,34.0,18.7,4.3,0.0,0.0,17.0,4.0,4.0,1.0,1.0,504.0,50.0,0.0,0.0,0.0,0.0,0.0567980295566502,21.7,8.898678414096917,17.0,0.0,0.0,9.0,3153602.0,0.0,0.17332074
yes,no,yes,yes,no,known,no,no,no,no,no,yes,no,no,no,no,2-high,other,professional,yes,hou,44.43,338.0,30.0,0.0,41.0,0.0,-82.0,-14.4,0.0,0.0,0.0,0.0,0.0,0.0,0.0,0.0,0.0,0.0,0.0,0.0,0.0,15.0,1.0,1.0,1.0,1.0,445.0,30.0,0.0,0.0,0.0,0.0,0.1310619469026548,0.0,338.0,15.0,0.0,0.0,5.0,3269762.0,0.0,0.26142448
yes,no,yes,yes,yes,known,yes,yes,no,no,no,yes,no,no,no,no,3-good,other,other,yes,hou,18.47,429.0,8.0,2.48,10.0,0.0,-81.0,-2.2,1.0,3.3,48.7,1.7,0.3,71.5,18.0,11.3,135.7,85.7,4.3,0.0,3.0,15.0,2.0,2.0,2.0,2.0,178.0,32.0,0.0,0.0,0.0,0.0,0.042953488372093,31.0,13.40625,15.0,1.7,150.0,6.0,3201554.0,0.0,0.17877741
no,no,yes,yes,no,known,no,no,no,no,no,yes,no,no,no,no,2-high,town,other,yes,hou,49.85,505.0,41.0,0.0,37.0,0.0,-70.0,-10.2,0.0,3.7,24.0,0.0,0.0,99.7,4.0,2.0,48.0,28.0,3.7,0.0,0.7,25.0,1.0,1.0,1.0,1.0,736.0,48.0,0.0,0.0,0.0,0.0,0.0985177865612648,6.0,72.14285714285714,25.0,0.0,0.0,5.0,3126198.0,0.0,0.19530383
no,no,yes,no,no,known,no,no,no,no,no,yes,no,no,no,no,5-low,suburban,other,no,hou,46.78,362.0,52.0,0.0,0.0,0.3,-42.0,-2.8,0.0,0.7,12.0,0.0,0.0,94.0,11.7,10.0,50.7,43.7,0.7,0.0,0.7,7.0,1.0,1.0,1.0,1.0,194.0,40.0,0.0,0.0,0.0,0.0,0.1288705234159779,21.7,15.947136563876652,7.0,0.0,0.0,4.0,3388330.0,0.0,0.035598658
no,no,yes,no,no,unknown,no,no,no,no,no,no,no,no,no,no,7-lowest,suburban,other,unknown,hou,27.73,190.0,26.0,0.0,17.0,0.4,-80.0,27.6,1.7,4.0,38.7,1.0,0.0,90.0,10.7,0.7,94.7,41.0,5.7,0.0,0.3,20.0,1.0,1.0,2.0,2.0,350.0,0.0,0.0,0.0,0.0,0.0,0.1451832460732984,12.4,14.179104477611942,20.0,1.0,10.0,0.0,3189414.0,1.0,0.43232217
no,no,no,no,no,unknown,no,no,no,no,no,no,no,yes,no,no,1-highest,other,other,unknown,hou,63.56,66.0,60.0,0.0,0.0,3.8,-58.0,-2.8,0.0,0.0,0.0,0.0,0.0,0.0,0.0,0.0,0.0,0.0,0.0,0.0,0.0,29.0,2.0,2.0,1.0,1.0,891.0,0.0,0.0,0.0,0.0,0.0,0.9486567164179104,0.0,66.0,29.0,0.0,0.0,0.0,3045854.0,1.0,0.44912386
no,no,yes,yes,yes,known,yes,yes,no,no,yes,yes,no,yes,no,no,3-good,other,other,yes,hou,30.37,245.0,40.0,1.98,2.0,0.0,-13.0,-0.9,3.3,3.3,40.0,0.0,0.0,4.2,4.7,0.0,57.3,18.3,6.7,0.0,0.0,24.0,1.0,1.0,3.0,2.0,298.0,34.0,0.0,0.0,0.0,0.0,0.1234552845528455,4.7,42.98245614035088,24.0,0.0,30.0,9.0,3079598.0,1.0,0.1983307
no,no,yes,no,no,unknown,no,no,no,no,no,no,no,no,no,no,5-low,other,other,unknown,hou,92.05,1396.0,85.0,4.95,21.0,0.0,-171.0,-17.1,3.0,12.7,86.7,5.7,0.0,324.7,47.7,12.7,230.7,216.0,15.7,0.0,11.7,13.0,2.0,1.0,1.0,1.0,405.0,0.0,0.0,0.0,0.0,0.0,0.0658911954187544,66.10000000000001,20.80476900149031,13.0,5.7,0.0,0.0,3224054.0,0.0,0.25427717
yes,yes,yes,no,no,known,no,yes,no,yes,no,yes,no,no,no,no,2-high,suburban,professional,no,hou,36.98,87.0,40.0,0.74,0.0,0.0,2.0,-0.7,1.0,0.0,9.0,0.0,0.0,4.4,4.3,1.0,26.3,17.0,1.0,0.0,0.0,17.0,1.0,1.0,2.0,2.0,447.0,44.0,0.0,0.0,0.0,0.0,0.4202272727272726,5.3,13.80952380952381,17.0,0.0,150.0,6.0,3201678.0,0.0,0.18591842
yes,no,yes,yes,no,known,no,no,no,no,yes,yes,yes,no,no,no,5-low,suburban,other,yes,hou,95.29,722.0,95.0,0.5,0.0,0.0,193.0,2.7,2.3,2.3,24.0,2.0,0.7,95.7,3.7,0.7,97.0,25.3,4.7,0.0,1.7,18.0,1.0,1.0,1.0,1.0,544.0,36.0,0.0,0.0,0.0,0.0,0.1317980636237897,6.4,97.56756756756756,18.0,2.0,0.0,6.0,3161642.0,0.0,0.15716527
no,no,yes,no,no,known,yes,yes,no,no,no,yes,no,no,no,no,2-high,other,crafts,yes,hou,35.84,298.0,35.0,0.0,9.0,0.7,9.0,15.2,4.0,4.7,24.0,0.0,0.0,142.9,22.0,15.7,49.0,49.3,8.7,0.0,0.7,26.0,1.0,1.0,1.0,1.0,774.0,56.0,0.0,0.0,0.0,0.0,0.1198662207357859,37.7,7.700258397932816,26.0,0.0,0.0,4.0,3084158.0,0.0,0.3022278
no,no,yes,no,no,unknown,no,no,no,no,no,no,no,no,no,no,2-high,other,other,unknown,hou,83.75,424.0,40.0,3.71,143.0,0.0,360.0,96.8,0.0,0.0,0.0,0.0,0.0,0.0,0.0,0.0,0.0,0.0,0.0,0.0,0.0,13.0,1.0,1.0,1.0,1.0,390.0,0.0,0.0,0.0,0.0,0.0,0.1970588235294117,0.0,424.0,13.0,0.0,0.0,0.0,3266502.0,0.0,0.2941901
no,yes,yes,no,no,known,no,no,no,no,no,yes,yes,no,no,no,5-low,suburban,other,unknown,hou,46.92,234.0,29.0,0.5,56.0,0.0,523.0,131.4,0.0,0.7,0.7,0.7,0.0,0.0,0.0,0.0,0.0,0.7,0.7,0.0,0.0,7.0,1.0,1.0,2.0,2.0,188.0,50.0,0.0,0.0,0.0,0.0,0.1996595744680851,0.7,137.64705882352942,7.0,0.7,10.0,4.0,3387458.0,0.0,0.15788631
no,no,no,yes,yes,known,yes,yes,no,yes,no,yes,no,no,no,no,1-highest,other,professional,no,hou,29.02,71.0,40.0,0.0,0.0,0.0,-1.0,1.0,0.3,1.0,3.3,0.7,0.0,7.4,2.0,0.0,20.3,6.7,1.3,0.0,0.3,9.0,2.0,2.0,1.0,1.0,286.0,44.0,0.0,0.0,0.0,0.0,0.4030555555555555,2.7,19.18918918918919,9.0,0.7,0.0,8.0,3304986.0,0.0,0.09417005
no,no,yes,no,no,known,no,no,no,no,no,yes,yes,no,no,no,3-good,suburban,other,yes,hou,66.94,432.0,70.0,0.25,2.0,0.0,-166.0,-2.9,3.3,4.0,47.0,0.0,0.7,175.4,57.3,49.7,171.0,64.0,7.3,0.0,0.7,11.0,5.0,5.0,2.0,2.0,319.0,42.0,0.0,0.0,0.0,0.0,0.15459584295612,107.0,4.0,11.0,0.0,130.0,5.0,3358486.0,0.0,0.45760524
no,no,no,no,no,unknown,no,no,no,no,no,no,no,yes,no,no,2-high,other,other,unknown,hou,87.06,983.0,20.0,3.71,212.0,0.0,58.0,-73.1,9.7,5.3,30.0,0.0,0.0,190.0,79.0,4.3,276.3,42.7,15.0,0.0,4.7,10.0,6.0,4.0,1.0,1.0,298.0,0.0,0.0,0.0,0.0,0.0,0.0884756097560975,83.3,11.660735468564653,10.0,0.0,0.0,0.0,3254974.0,0.0,0.62653697
no,no,yes,no,no,known,yes,yes,no,yes,no,yes,yes,no,no,no,5-low,other,self,yes,hou,44.42,344.0,52.0,2.97,0.0,0.0,406.0,58.1,1.3,1.3,14.0,0.3,0.0,48.4,43.3,17.7,49.7,56.0,2.7,0.0,0.0,7.0,1.0,1.0,1.0,1.0,203.0,48.0,0.0,0.0,0.0,0.0,0.1287536231884058,61.3,5.521669341894062,7.0,0.3,0.0,7.0,3328454.0,0.0,0.07539347
yes,no,yes,no,no,known,no,no,no,no,no,yes,no,no,no,no,3-good,rural,other,yes,hou,34.99,278.0,45.0,0.0,0.0,0.0,-36.0,0.0,0.7,14.0,10.0,0.0,0.0,77.5,8.7,7.3,20.7,36.7,14.7,0.0,0.7,11.0,2.0,2.0,1.0,1.0,323.0,52.0,0.0,0.0,1.0,0.0,0.1254121863799283,16.0,16.352941176470587,11.0,0.0,0.0,7.0,3313842.0,0.0,0.44259718
yes,no,no,yes,yes,known,yes,yes,no,no,yes,yes,yes,no,no,no,1-highest,town,professional,yes,hou,46.62,344.0,30.0,0.0,48.0,0.0,34.0,-0.2,2.3,1.3,13.7,0.0,0.0,34.9,20.3,4.3,67.3,30.0,3.7,0.0,1.0,31.0,2.0,2.0,1.0,1.0,941.0,40.0,0.0,0.0,0.0,0.0,0.1351304347826087,24.6,13.4375,31.0,0.0,0.0,7.0,3045506.0,1.0,0.4487219
yes,no,yes,no,no,known,yes,yes,no,yes,yes,yes,no,no,no,no,2-high,other,professional,yes,hou,57.9,665.0,55.0,0.74,35.0,0.0,-175.0,-11.9,0.7,3.0,46.0,18.0,0.0,167.6,96.0,43.7,118.7,197.0,3.7,0.0,5.3,11.0,2.0,2.0,1.0,1.0,312.0,64.0,0.0,0.0,0.0,0.0,0.0869369369369369,157.7,4.190296156269691,11.0,18.0,0.0,7.0,3328222.0,1.0,0.30494228
no,no,yes,no,no,unknown,no,no,no,no,no,no,no,no,no,no,3-good,other,other,unknown,hou,142.88,985.0,70.0,11.14,203.0,11.5,-207.0,-51.0,11.0,5.3,55.7,0.0,0.3,14.6,16.7,0.0,163.7,28.0,16.3,0.0,2.7,35.0,1.0,1.0,5.0,5.0,71.0,0.0,0.0,0.0,0.0,0.0,0.1449087221095334,16.7,55.6497175141243,35.0,0.0,200.0,0.0,3028490.0,0.0,0.24643524
no,no,yes,no,no,unknown,no,no,no,no,no,no,yes,no,no,no,4-medium,other,other,unknown,hou,60.06,1043.0,60.0,5.2,2.0,0.0,508.0,-1.9,7.0,10.3,81.0,0.0,0.0,194.9,93.3,41.3,157.7,289.7,17.3,0.0,8.3,8.0,1.0,1.0,1.0,1.0,220.0,0.0,0.0,0.0,0.0,0.0,0.0575287356321839,134.6,7.691740412979351,8.0,0.0,0.0,0.0,3374862.0,0.0,0.3073034
yes,yes,yes,yes,yes,known,yes,yes,no,no,no,yes,yes,no,no,no,3-good,suburban,other,unknown,hou,30.74,1033.0,30.0,0.74,0.0,0.0,-379.0,0.2,7.3,13.0,164.3,32.0,0.0,350.9,79.3,38.0,166.3,327.7,20.3,0.0,9.7,27.0,2.0,2.0,4.0,3.0,65.0,22.0,0.0,0.0,0.0,1.0,0.0297292069632495,149.3,6.8729208250166325,27.0,32.0,130.0,7.0,3077182.0,0.0,0.37326267
yes,yes,yes,yes,yes,known,yes,yes,no,no,no,no,no,yes,no,no,5-low,suburban,other,yes,hou,50.24,292.0,80.0,0.25,0.0,0.0,58.0,0.7,1.0,6.0,32.7,4.7,0.0,75.9,58.3,40.3,116.0,36.3,7.0,0.0,0.0,7.0,1.0,1.0,1.0,1.0,188.0,46.0,0.0,0.0,0.0,0.0,0.1714675767918088,103.3,2.7996164908916588,7.0,4.7,0.0,3.0,3381230.0,0.0,0.092639476
no,no,no,no,no,known,no,no,no,no,no,no,yes,no,no,no,3-good,town,other,no,hou,38.2,147.0,30.0,0.25,40.0,0.0,-116.0,-8.2,14.0,7.0,16.3,0.3,0.0,38.8,48.3,0.3,51.7,38.3,21.0,0.0,0.3,23.0,3.0,3.0,1.0,1.0,693.0,58.0,0.0,0.0,0.0,0.0,0.2581081081081081,48.89999999999999,2.9458917835671348,23.0,0.3,0.0,5.0,3074406.0,1.0,0.65444565
no,no,yes,yes,yes,known,no,no,no,no,no,yes,no,no,no,no,2-high,other,other,yes,hou,30.0,41.0,30.0,0.0,0.0,0.0,-10.0,0.0,0.7,1.7,6.7,0.3,0.0,3.8,3.0,1.7,14.0,13.0,2.3,0.0,0.0,19.0,3.0,1.0,1.0,1.0,559.0,26.0,0.0,0.0,0.0,0.0,0.7142857142857143,5.0,6.833333333333333,19.0,0.3,0.0,7.0,3174662.0,0.0,0.36579925
no,no,yes,yes,yes,known,yes,yes,no,no,yes,yes,no,no,no,no,1-highest,other,professional,yes,hou,35.52,216.0,35.0,1.49,9.0,0.0,-172.0,-0.5,3.3,1.0,30.7,0.7,0.0,46.5,27.0,9.7,66.3,43.3,4.3,0.0,0.7,33.0,1.0,1.0,2.0,2.0,638.0,54.0,0.0,0.0,0.0,0.0,0.1636866359447004,37.400000000000006,5.624999999999999,33.0,0.7,30.0,2.0,3025750.0,1.0,0.36423156
no,yes,yes,no,no,unknown,no,no,no,no,no,yes,no,no,no,no,2-high,other,other,no,hou,9.68,408.0,10.0,0.0,0.0,0.0,194.0,0.3,3.0,1.7,36.0,0.0,0.3,78.9,33.7,12.7,128.0,34.3,4.7,0.0,0.7,7.0,2.0,2.0,1.0,1.0,200.0,38.0,0.0,0.0,0.0,0.0,0.0236674816625916,46.400000000000006,8.60759493670886,7.0,0.0,0.0,4.0,3366594.0,1.0,0.12195995
yes,no,yes,yes,yes,known,no,no,no,no,no,yes,yes,no,no,no,2-high,suburban,other,yes,hou,122.05,469.0,85.0,1.49,144.0,1.3,40.0,-31.2,0.7,0.3,20.0,1.3,0.0,27.1,10.7,0.7,68.3,41.0,1.0,0.0,1.7,23.0,2.0,2.0,3.0,2.0,105.0,48.0,0.0,0.0,0.0,0.0,0.2596808510638297,12.7,34.23357664233577,23.0,1.3,150.0,9.0,3118966.0,0.0,0.17685105
no,no,no,no,no,known,yes,yes,no,no,yes,yes,yes,no,no,no,1-highest,suburban,professional,no,hou,31.89,90.0,30.0,0.5,0.0,1.4,-26.0,-0.9,0.3,0.0,0.7,0.0,0.0,0.0,3.3,0.0,10.0,9.7,0.3,0.0,0.0,31.0,1.0,1.0,1.0,1.0,913.0,40.0,0.0,0.0,0.0,0.0,0.3504395604395604,3.3,20.930232558139537,31.0,0.0,0.0,5.0,3049650.0,0.0,0.17764549
yes,no,yes,yes,yes,known,yes,yes,no,no,no,yes,no,no,no,no,1-highest,other,other,yes,hou,58.44,337.0,30.0,0.25,116.0,0.0,36.0,16.6,3.0,3.7,34.3,0.0,0.0,105.9,19.7,12.0,79.7,112.3,6.7,0.0,3.0,28.0,1.0,1.0,3.0,2.0,480.0,52.0,0.0,0.0,0.0,0.0,0.1728994082840236,31.7,10.305810397553516,28.0,0.0,30.0,9.0,3053462.0,1.0,0.4366946
no,no,yes,yes,yes,known,no,no,no,no,no,yes,no,no,no,no,1-highest,town,other,no,hou,36.25,237.0,50.0,1.24,0.0,0.0,93.0,2.7,0.7,2.3,11.7,0.0,0.0,18.3,15.3,1.7,36.7,20.3,3.0,0.0,0.0,28.0,1.0,1.0,5.0,4.0,189.0,40.0,0.0,0.0,0.0,0.0,0.1523109243697478,17.0,13.166666666666666,28.0,0.0,30.0,6.0,3042950.0,0.0,0.1299753
no,no,yes,no,no,unknown,no,no,no,no,no,no,no,no,no,no,2-high,other,other,unknown,hou,29.99,168.0,40.0,0.0,0.0,0.0,-32.0,0.0,0.0,0.0,0.0,0.0,0.0,0.0,0.0,0.0,0.0,0.0,0.0,0.0,0.0,14.0,2.0,1.0,1.0,1.0,423.0,0.0,0.0,0.0,0.0,0.0,0.1774556213017751,0.0,168.0,14.0,0.0,0.0,0.0,3282502.0,0.0,0.20170447
no,no,yes,yes,yes,unknown,no,no,no,no,no,yes,no,no,no,no,4-medium,suburban,other,yes,hou,33.57,220.0,40.0,0.0,12.0,0.0,-16.0,-7.5,2.7,3.3,18.0,0.0,0.0,48.1,5.3,8.3,81.3,28.3,6.0,0.0,0.3,22.0,1.0,1.0,1.0,1.0,674.0,38.0,0.0,0.0,1.0,0.0,0.1519004524886877,13.6,15.06849315068493,22.0,0.0,0.0,6.0,3081930.0,0.0,0.19692233
no,no,yes,no,no,unknown,no,no,no,no,no,no,no,no,no,no,4-medium,suburban,other,unknown,hou,70.39,148.0,58.0,2.64,0.0,0.0,-101.0,-78.0,1.3,3.0,14.0,1.7,0.0,22.2,9.3,1.0,27.3,31.0,4.3,0.0,0.0,25.0,1.0,1.0,2.0,2.0,54.0,0.0,0.0,0.0,0.0,0.0,0.4724161073825503,12.0,11.384615384615383,25.0,1.7,30.0,0.0,3097298.0,0.0,0.21807398
no,no,yes,no,no,unknown,no,no,no,no,no,no,no,yes,no,no,1-highest,other,other,unknown,hou,34.87,187.0,30.0,0.0,22.0,0.0,-55.0,-4.9,2.3,0.7,17.3,0.0,0.0,16.3,17.0,1.3,58.7,23.3,3.0,0.0,1.0,25.0,1.0,1.0,1.0,1.0,756.0,0.0,0.0,0.0,0.0,0.0,0.1854787234042553,18.3,9.689119170984457,25.0,0.0,0.0,0.0,3073918.0,0.0,0.25356284
no,no,yes,no,no,unknown,no,no,no,no,no,no,no,yes,no,no,5-low,other,other,unknown,hou,20.09,292.0,40.0,0.0,2.0,0.1,-14.0,-0.1,0.0,0.0,0.0,0.0,0.0,0.0,0.0,0.0,0.0,0.0,0.0,0.0,0.0,14.0,1.0,1.0,1.0,1.0,397.0,0.0,0.0,0.0,0.0,0.0,0.0685665529010239,0.0,292.0,14.0,0.0,0.0,0.0,3262058.0,0.0,0.24837866
yes,no,yes,no,no,known,yes,yes,no,no,yes,yes,no,no,no,no,2-high,other,professional,yes,hou,50.48,392.0,60.0,0.5,0.0,0.0,-151.0,-0.5,2.7,0.7,21.7,0.0,0.0,71.4,17.7,0.7,115.0,33.3,3.3,0.0,0.7,19.0,1.0,1.0,1.0,1.0,555.0,44.0,0.0,0.0,0.0,0.0,0.1284478371501272,18.4,20.206185567010312,19.0,0.0,0.0,9.0,3202662.0,0.0,0.35135898
yes,no,yes,yes,yes,known,yes,yes,no,no,no,yes,no,yes,no,no,2-high,other,other,unknown,hou,42.16,270.0,30.0,0.99,30.0,0.0,-87.0,-10.7,3.7,1.3,10.0,0.0,0.0,31.1,6.3,2.7,65.0,17.7,5.0,0.0,0.3,9.0,1.0,1.0,2.0,2.0,230.0,34.0,0.0,0.0,1.0,0.0,0.1555719557195571,9.0,27.0,9.0,0.0,30.0,9.0,3268746.0,0.0,0.18590732
no,no,no,no,no,known,yes,yes,no,no,no,yes,no,yes,no,no,1-highest,other,student,unknown,hou,51.16,406.0,50.0,0.0,0.0,1.2,108.0,-1.2,2.0,7.0,53.0,0.0,0.0,53.6,13.3,2.3,78.3,90.7,9.0,0.0,2.3,30.0,1.0,1.0,1.0,1.0,885.0,40.0,0.0,0.0,0.0,0.0,0.1257002457002456,15.6,24.457831325301203,30.0,0.0,0.0,6.0,3067414.0,0.0,0.20818843
yes,no,yes,yes,yes,known,yes,yes,no,no,no,yes,yes,no,no,no,2-high,town,other,yes,hou,86.45,612.0,85.0,0.25,71.0,0.2,-55.0,-1.9,3.3,2.3,7.3,0.0,0.0,96.5,18.0,12.3,59.7,22.7,5.7,0.0,0.0,24.0,2.0,2.0,2.0,2.0,56.0,36.0,0.0,0.0,0.0,0.0,0.1410277324632952,30.3,19.55271565495208,24.0,0.0,30.0,7.0,3080562.0,0.0,0.159551
no,no,yes,no,no,known,no,no,no,no,no,yes,no,no,no,no,3-good,other,other,no,hou,194.56,3173.0,160.0,2.23,242.0,0.6,-139.0,-30.1,14.3,9.7,136.3,0.0,0.0,1070.9,355.3,201.7,1001.3,430.7,24.0,0.0,44.0,21.0,1.0,1.0,4.0,3.0,27.0,58.0,0.0,0.0,0.0,0.0,0.0612980466288594,557.0,5.686379928315413,21.0,0.0,200.0,7.0,3170530.0,0.0,0.22069114
no,yes,yes,yes,no,known,no,no,no,yes,yes,yes,no,no,no,no,1-highest,other,professional,yes,hou,50.3,188.0,30.0,0.0,49.0,0.0,93.0,29.1,2.3,2.0,22.7,0.0,0.0,29.7,3.0,0.0,66.0,18.7,4.3,0.0,0.7,30.0,1.0,1.0,2.0,2.0,485.0,38.0,0.0,0.0,0.0,0.0,0.2661375661375661,3.0,47.0,30.0,0.0,30.0,6.0,3050718.0,1.0,0.4090722
no,no,yes,yes,yes,known,no,no,no,no,no,yes,no,no,no,no,5-low,suburban,other,yes,hou,101.32,1299.0,60.0,2.48,171.0,0.0,143.0,-50.3,21.0,11.3,119.0,3.3,1.0,128.9,33.0,16.0,266.3,235.3,32.3,0.0,8.7,6.0,2.0,2.0,1.0,1.0,194.0,46.0,0.0,0.0,0.0,0.0,0.0779384615384615,52.3,24.371482176360228,6.0,3.3,0.0,6.0,3339846.0,0.0,0.20604707
no,no,yes,yes,no,known,no,no,no,no,no,yes,no,no,no,no,2-high,rural,professional,yes,hou,30.43,211.0,40.0,0.0,1.0,0.0,-69.0,-0.4,0.0,0.0,0.0,0.0,0.0,0.0,0.0,0.0,0.0,0.0,0.0,0.0,0.0,15.0,2.0,2.0,1.0,1.0,440.0,58.0,0.0,0.0,1.0,0.0,0.1435377358490566,0.0,211.0,15.0,0.0,0.0,6.0,3272066.0,0.0,0.14834432
no,no,yes,yes,no,known,no,no,no,no,yes,yes,no,no,no,no,2-high,other,other,yes,hou,31.05,196.0,22.0,0.0,38.0,1.2,102.0,-9.6,3.3,0.3,15.0,0.0,0.3,3.2,4.3,0.0,25.3,36.0,3.7,0.0,0.3,20.0,1.0,1.0,1.0,1.0,601.0,42.0,0.0,0.0,0.0,0.0,0.1576142131979695,4.3,36.9811320754717,20.0,0.0,0.0,9.0,3104778.0,0.0,0.23401186
no,no,yes,yes,no,known,no,no,no,no,no,yes,no,no,no,no,3-good,suburban,other,yes,hou,73.48,1555.0,75.0,0.25,0.0,0.0,-29.0,1.5,16.7,25.7,200.0,0.0,0.0,383.8,127.0,62.7,453.7,476.3,42.3,0.0,24.0,13.0,2.0,2.0,2.0,2.0,170.0,46.0,0.0,0.0,0.0,0.0,0.0472236503856041,189.7,8.15416885159937,13.0,0.0,200.0,4.0,3201562.0,0.0,0.38697183
no,no,yes,yes,yes,known,yes,yes,no,no,yes,yes,no,yes,no,no,1-highest,suburban,professional,unknown,hou,106.38,1083.0,85.0,2.72,139.0,3.1,337.0,34.6,10.3,5.0,25.3,0.0,0.0,210.0,54.7,18.0,251.3,122.7,15.3,0.0,9.3,29.0,2.0,2.0,4.0,3.0,107.0,54.0,0.0,0.0,0.0,2.0,0.0981365313653136,72.7,14.694708276797828,29.0,0.0,130.0,6.0,3036582.0,0.0,0.20485978
yes,yes,yes,no,no,unknown,no,no,no,no,no,yes,no,no,no,no,3-good,other,other,yes,hou,93.15,882.0,95.0,0.99,0.0,0.9,178.0,2.8,11.3,12.0,40.3,0.0,2.0,88.4,83.3,2.3,116.3,181.0,23.3,0.0,3.7,31.0,2.0,2.0,2.0,2.0,32.0,40.0,0.0,0.0,1.0,0.0,0.1054926387315968,85.6,10.184757505773671,31.0,0.0,30.0,8.0,3057602.0,0.0,0.14747603
yes,no,yes,yes,yes,known,no,no,no,no,no,yes,no,no,no,no,4-medium,town,other,yes,hou,61.74,256.0,30.0,0.25,79.0,0.0,-82.0,-31.7,2.7,3.7,9.7,1.3,0.0,29.1,12.0,15.0,65.3,9.0,6.3,0.0,0.0,9.0,1.0,1.0,1.0,1.0,270.0,34.0,0.0,0.0,0.0,0.0,0.2402334630350194,28.3,8.737201365187714,9.0,1.3,0.0,6.0,3356506.0,0.0,0.23513661
no,no,yes,yes,no,known,yes,yes,no,no,no,yes,yes,no,no,yes,1-highest,other,other,no,hou,75.28,794.0,45.0,0.25,126.0,0.0,781.0,95.7,2.3,6.3,41.3,0.3,0.0,154.9,65.7,18.0,155.3,69.7,8.7,0.0,4.0,27.0,2.0,2.0,2.0,2.0,429.0,26.0,1.0,0.0,0.0,0.0,0.094691823899371,85.0,9.232558139534884,27.0,1.3,30.0,6.0,3059238.0,1.0,0.3653941
yes,no,no,yes,no,known,yes,yes,yes,no,no,yes,no,no,no,no,3-good,rural,professional,yes,hou,50.05,687.0,60.0,0.0,0.0,1.7,-253.0,0.7,10.0,3.0,30.7,0.7,0.0,76.6,7.3,0.0,51.0,53.0,13.0,0.0,0.0,29.0,1.0,1.0,1.0,1.0,889.0,66.0,0.0,0.0,0.0,0.0,0.0727470930232558,8.0,76.33333333333333,29.0,0.7,0.0,1.0,3046250.0,0.0,0.3452712
